<?xml version="1.0" encoding="UTF-8"?>
<project-private xmlns="http://www.netbeans.org/ns/project-private/1">
    <editor-bookmarks xmlns="http://www.netbeans.org/ns/editor-bookmarks/2" lastBookmarkId="0"/>
    <open-files xmlns="http://www.netbeans.org/ns/projectui-open-files/2">
        <group>
            <file>file:/C:/Users/PC%20CUSTOM/Desktop/Customer%20Maintenance%20&amp;%20Invoice%20Payment%20-%2028-11-2018/src/customer/maintenance/invoice/payment/CorporateCusInvoice.java</file>
            <file>file:/C:/Users/PC%20CUSTOM/Desktop/Customer%20Maintenance%20&amp;%20Invoice%20Payment%20-%2028-11-2018/src/customer/maintenance/invoice/payment/DisplayQueryResults.java</file>
        </group>
    </open-files>
</project-private>
